{
  "project_info": {
    "project_number": "821690326729",
    "project_id": "todo-app-5a855",
    "storage_bucket": "todo-app-5a855.appspot.com"
  },
  "client": [
    {
      "client_info": {
        "mobilesdk_app_id": "1:821690326729:android:eefa5f745ad36b4e537718",
        "android_client_info": {
          "package_name": "com.example.task_manager_app"
        }
      },
      "oauth_client": [
        {
          "client_id": "821690326729-fg75tjt2c67tp0elhjvdpeun930a0q9l.apps.googleusercontent.com",
          "client_type": 1,
          "android_info": {
            "package_name": "com.example.task_manager_app",
            "certificate_hash": "3751ecbabf590650c877118116a56caa4153dbda"
          }
        },
        {
          "client_id": "821690326729-k1t4ib8mjnis522ait9ni5mqko2uf9qe.apps.googleusercontent.com",
          "client_type": 3
        }
      ],
      "api_key": [
        {
          "current_key": "AIzaSyCs9ZOCTqeU4AD4Lqfb1HUWQxp5j9Sr4ec"
        }
      ],
      "services": {
        "appinvite_service": {
          "other_platform_oauth_client": [
            {
              "client_id": "821690326729-k1t4ib8mjnis522ait9ni5mqko2uf9qe.apps.googleusercontent.com",
              "client_type": 3
            }
          ]
        }
      }
    }
  ],
  "configuration_version": "1"
}